№,Summary,Severity,Precondition,Environment,Description,Steps to reproduce,Actuаl result,Expected result,Attachments,Comments
1,Кнопка «Подробнее» на всплывающем окне «Информация о Cookie» обновляет главную страницу,Незначительная,"1. Перейти на главную страницу
2. Авторизоваться под учетной записью
3. Очистить cookie на вкладке Application в Devtools
","Windows 10 Pro x64, Google Chrome  114.0.5735.91, разрешение экрана 1920х1080,1366х768, 1024х768;",,"1. Обновить страницу сайта (F5)
2. Нажать на кнопку «Подробнее» на всплывающем окне «Информация о Cookie» ",Происходит обновление страницы,Переход на страницу с политикой конфиденциальности,,
2,Нет кнопки «Отклонить» на всплывающем окне «Информация о Cookie,Значительная,"1. Перейти на главную страницу
2. Авторизоваться под учетной записью
3. Очистить cookie на вкладке Application в Devtools
","Windows 10 Pro x64, Google Chrome  114.0.5735.91, разрешение экрана 1920х1080,1366х768, 1024х768;",,"1. Обновить страницу сайта (F5)
2. Нажать на кнопку «Подробнее» на всплывающем окне «Информация о Cookie» ",Отсутствует возможность отклонить использование файлов cookie,"Должна быть кнопка ""Отклонить"" или иная возможность отказаться от использования файлов cookie",,
3,Неактивна функция скачивания для обоих опций при нажатии на кнопку «Скачать PDF»,Критическая,"1. Перейти на главную страницу
2. Авторизоваться под учетной записью","Windows 10 Pro x64, Google Chrome  114.0.5735.91, разрешение экрана 1920х1080,1366х768, 1024х768;","Нельзя скачать отчет, как при выборе опции ""Постранично"" , так и  опции ""Разворотами"". Выбор опции влечет открытие главной страницы на новой вкладке.","1. Нажать на кнопку ""Скачать PDF""
2. Выбрать одну из выпадающих опций:                                                     - Постранично                                         - Разворотами",Отчет не скачивается при выборе обеих опций:                                               - Постранично                                         - Разворотами,Отчет должен скачиваться при выборе обеих опций:                                         - Постранично                                         - Разворотами,,
4,Вертикальный скролл отсутствует на все страницах сайта,Значительная,"1. Перейти на главную страницу
2. Авторизоваться под учетной записью","Windows 10 Pro x64, Google Chrome  114.0.5735.91, разрешение экрана 1920х1080,1366х768, 1024х768;","Ввиду отсутствия вертикального скролла пролистать контент на странице без мышки можно только с использованием клавиш перемещения. Вертикальный скролл отсутствует на страницах 1-9 (в т.ч. 7.1 - 7.5, 9.1-9.2)",1. Пролистать страницу до футера ,Отсутствует вертикальный скролл на всех страницах сайта,На всех страницах сайта должен иметься вертикальный скролл,,
5,Отсутствует указатель «Вниз» в навигации по страницам ,Незначительная,"1. Перейти на главную страницу
2. Авторизоваться под учетной записью","Windows 10 Pro x64, Google Chrome  114.0.5735.91, разрешение экрана 1920х1080,1366х768, 1024х768;","Кнопка ""Вниз"" отсутствует в навигации на страницах 1-9 (в т.ч. 7.1 - 7.5, 9.1-9.2)",1. Опуститься вниз страницы,"В навигации отсутствует курсор ""Вниз""",В навигации по страницам должны присутствовать курсоры во все стороны,,
6,В заголовке страницы «Тестовый отчет 2021» должен быть указан  19 год,Незначительная,"1. Перейти на главную страницу
2. Авторизоваться под учетной записью","Windows 10 Pro x64, Google Chrome  114.0.5735.91, разрешение экрана 1920х1080,1366х768, 1024х768;","Год отчета в заголовке противоречит содержанию других страниц сайта, описывающих результаты 2019 года",1. Перейти на главную страницу,В заголовке страницы указан год отчета 2021 ,В заголовке страницы год отчета должен быть 2019,,
7,"Указан 2021 год вместо 2020 в предложении ""В 2021 году Компания продолжит совершенствовать практику корпоративного управления. "" на стр. 1.",Незначительная,"1. Перейти на главную страницу
2. Авторизоваться под учетной записью","Windows 10 Pro x64, Google Chrome  114.0.5735.91, разрешение экрана 1920х1080,1366х768, 1024х768;","Если год отчета = 2019, то планы должны быть на 2020 год, как указано на 3 странице",1. Перейти на главную страницу,"В предложении ""В 2021 году Компания продолжит совершенствовать практику корпоративного управления."" указан  2021 год ","В предложении ""В 2021 году Компания продолжит совершенствовать практику корпоративного управления."" должен быть  указан  2021 год ",,
8,"Кнопки «Интерактивный анализ», «Скачать страницу», «Мой отчет», «Центр загрузки», «История» и «Карта сайта» открывают рандомные страницы сайта на новой вкладке",Критическая,"1. Перейти на главную страницу
2. Авторизоваться под учетной записью","Windows 10 Pro x64, Google Chrome  114.0.5735.91, разрешение экрана 1920х1080,1366х768, 1024х768;","Вместо перехода в соответствующий раздел, открывается окно со страницей не соответствующей названию раздела(1, 7, 4 и т.д.)",1. Открыть боковую панель инструментов                                      2.  Выбрать один из разделов:                                             - Интерактивный анализ                         - Скачать страницу                                               - Мой отчет                                            - Центр загрузки                                     - История                                                - Карта сайта»,Открывается рандомная страница сайта,Каждому разделу должна соответствовать своя страница,,
9,Не открываются страницы выбранной соц. сети при нажатии на кнопку «Поделиться в панели инструментов,Критическая,"1. Перейти на главную страницу
2. Авторизоваться под учетной записью","Windows 10 Pro x64, Google Chrome  114.0.5735.91, разрешение экрана 1920х1080,1366х768, 1024х768;","При нажатии на иконку соц сеть открывается пустое окно about:blank. Пролема актуальная для всех соц сетей в разделе ""Поделиться"". ","1. Открыть боковую панель инструментов                                       2.  Выбрать  раздел ""Поделиться""       3.  Выбрать одну из соц. сетей:                                             - vkontakte                                              - facebook                                               - Twitter   ",Окно авторизации не открывается ни для одной из выбранных из соц. сетей ,Должно открываться окно авторизации выбранной соц. сети,,
10,"Ошибка в слове ""Тестовая"" в названии страницы ""Тестовая страница №3"" в боковом меню",Тривиальная,"1. Перейти на главную страницу
2. Авторизоваться под учетной записью","Windows 10 Pro x64, Google Chrome  114.0.5735.91, разрешение экрана 1920х1080,1366х768, 1024х768;","Ошибка в слове ""тестовая"". Написано теТсовая","1. Открыть бургер меню на боковой панели                                                             2.  Найти ""Тестовая страница №3""                                                                ","В названии страницы ""Тестовая страница №3""  указано ""ТеТсовая страница №3""","В названии страницы ""Тестовая страница №3""  должно быть указано ""Тестовая страница №3""",,
11,"Ошибка в слове ""Тестовая"" в хлебных крошках на странице ""Тестовая страница №3"" ",Тривиальная,"1. Перейти на главную страницу
2. Авторизоваться под учетной записью","Windows 10 Pro x64, Google Chrome  114.0.5735.91, разрешение экрана 1920х1080,1366х768, 1024х768;","Ошибка в слове ""тестовая"". Написано теТсовая","1. Открыть бургер меню на боковой панели                                                             2.  Выбрать ""Тестовая страница №3""                                                                ","В названии страницы ""Тестовая страница №3""  указано ""ТеТсовая страница №3""","В названии страницы ""Тестовая страница №3""  должно быть указано ""Тестовая страница №3""",,
12,"Нет закрепа названия столбцов в таблице ""Общие собрания акционеров, состоявшиеся в 2019 году"", на стр.4",Незначительная,"1. Перейти на главную страницу
2. Авторизоваться под учетной записью","Windows 10 Pro x64, Google Chrome  114.0.5735.91, разрешение экрана 1920х1080,1366х768, 1024х768;",,"1. Открыть бургер меню на боковой панели                                                             2.  Выбрать ""Тестовая страница №4""                                                                ","Нет закрепа названия столбцов в таблице ""Общие собрания акционеров, состоявшиеся в 2019 году""","Названия столбцов таблицы ""Общие собрания акционеров, состоявшиеся в 2019 году"" должны быть закреплены",,
13,"Нет ед. измерения у диаграммы ""Количество акционеров, воспользовавшихся сервисами электронного голосования"" на стр.4",Незначительная,"1. Перейти на главную страницу
2. Авторизоваться под учетной записью","Windows 10 Pro x64, Google Chrome  114.0.5735.91, разрешение экрана 1920х1080,1366х768, 1024х768;",,"1. Открыть бургер меню на боковой панели                                                             2.  Выбрать ""Тестовая страница №4""                                     3. Перейти к диаграмме ""Количество акционеров, воспользовавшихся сервисами электронного голосования""                                   ","Нет ед. измерения у диаграммы ""Количество акционеров, воспользовавшихся сервисами электронного голосования""","У диаграммы ""Количество акционеров, воспользовавшихся сервисами электронного голосования"" должна быть указана ед. измерения",,
14,"Нет центровки текста у тултипа №2 в диаграмме ""Кворум общих собраний акционеров в 2017–2019 годах"" на стр.4",Незначительная,"1. Перейти на главную страницу
2. Авторизоваться под учетной записью","Windows 10 Pro x64, Google Chrome  114.0.5735.91, разрешение экрана 1920х1080,1366х768, 1024х768;",Отсутствие центровки также актуально для диаграммы открытой в модальном окне,"1. Открыть бургер меню на боковой панели                                                             2.  Выбрать ""Тестовая страница №4""                                                   3. Перейти к диаграмме ""Кворум общих собраний акционеров в 2017–2019 годах""                           ","Нет центровки текста у тултипа №2 в диаграмме ""Кворум общих собраний акционеров в 2017–2019 годах"" ","Текста в тултипе №2, диаграммы ""Кворум общих собраний акционеров в 2017–2019 годах"", должен быть отцентрован",,
15,"Нет центровки текста у тултипа №4 в диаграмме ""Кворум общих собраний акционеров в 2017–2019 годах"" на стр.4",Незначительная,"1. Перейти на главную страницу
2. Авторизоваться под учетной записью","Windows 10 Pro x64, Google Chrome  114.0.5735.91, разрешение экрана 1920х1080,1366х768, 1024х768;",Отсутствие центровки также актуально для диаграммы открытой в модальном окне,"1. Открыть бургер меню на боковой панели                                                             2.  Выбрать ""Тестовая страница №4""                                                   3. Перейти к диаграмме ""Кворум общих собраний акционеров в 2017–2019 годах""                           ","Нет центровки текста у тултипа №4 в диаграмме ""Кворум общих собраний акционеров в 2017–2019 годах"" ","Текста в тултипе №4, диаграммы ""Кворум общих собраний акционеров в 2017–2019 годах"", должен быть отцентрован",,
16,"Нет центровки текста у тултипа №6 в диаграмме ""Кворум общих собраний акционеров в 2017–2019 годах"" на стр.4",Незначительная,"1. Перейти на главную страницу
2. Авторизоваться под учетной записью","Windows 10 Pro x64, Google Chrome  114.0.5735.91, разрешение экрана 1920х1080,1366х768, 1024х768;",Отсутствие центровки также актуально для диаграммы открытой в модальном окне,"1. Открыть бургер меню на боковой панели                                                             2.  Выбрать ""Тестовая страница №4""                                                   3. Перейти к диаграмме ""Кворум общих собраний акционеров в 2017–2019 годах""                           ","Нет центровки текста у тултипа №6 в диаграмме ""Кворум общих собраний акционеров в 2017–2019 годах"" ","Текста в тултипе №6, диаграммы ""Кворум общих собраний акционеров в 2017–2019 годах"", должен быть отцентрован",,
17,"Нет центровки текста у тултипа №7 в диаграмме ""Кворум общих собраний акционеров в 2017–2019 годах"" на стр.4",Незначительная,"1. Перейти на главную страницу
2. Авторизоваться под учетной записью","Windows 10 Pro x64, Google Chrome  114.0.5735.91, разрешение экрана 1920х1080,1366х768, 1024х768;",Отсутствие центровки также актуально для диаграммы открытой в модальном окне,"1. Открыть бургер меню на боковой панели                                                             2.  Выбрать ""Тестовая страница №4""                                                   3. Перейти к диаграмме ""Кворум общих собраний акционеров в 2017–2019 годах""                           ","Нет центровки текста у тултипа №7 в диаграмме ""Кворум общих собраний акционеров в 2017–2019 годах"" ","Текста в тултипе №7, диаграммы ""Кворум общих собраний акционеров в 2017–2019 годах"", должен быть отцентрован",,
18,"Модальное окно тултипов №2-5  закрывает содержание диаграммы ""Количество акционеров, воспользовавшихся сервисами электронного голосования"" на стр.4",Незначительная,"1. Перейти на главную страницу
2. Авторизоваться под учетной записью","Windows 10 Pro x64, Google Chrome  114.0.5735.91, разрешение экрана 1920х1080",,"1. Открыть бургер меню на боковой панели                                                             2. Активировать выпадающий список у пункта ""Тестовая страница №4""                                                  3. Навести курсор на тултип в диаграмме ""Количество акционеров, воспользовавшихся сервисами электронного голосования""","Модальное окно тултипов №2-5  диаграммы ""Количество акционеров, воспользовавшихся сервисами электронного голосования"" закрывает содержание диаграммы",Модальное окно тултипа не должно перекрывать содержание диаграммы,,
19,"Модальное окно тултипов №1-5  закрывает содержание диаграммы ""Количество акционеров, воспользовавшихся сервисами электронного голосования"" на стр.4",Незначительная,"1. Перейти на главную страницу
2. Авторизоваться под учетной записью","Windows 10 Pro x64, Google Chrome  114.0.5735.91, разрешение экрана 1366х768, 1024х768;",,"1. Открыть бургер меню на боковой панели                                                             2. Активировать выпадающий список у пункта ""Тестовая страница №4""                                                  3. Навести курсор на тултип в диаграмме ""Количество акционеров, воспользовавшихся сервисами электронного голосования""","Модальное окно тултипов №1-5  диаграммы ""Количество акционеров, воспользовавшихся сервисами электронного голосования"" закрывает содержание диаграммы",Модальное окно тултипа не должно перекрывать содержание диаграммы,,
20,"Модальное окно тултипов №5   закрывает содержание диаграммы ""Количество акционеров, воспользовавшихся сервисами электронного голосования ""на стр.4, при ее открытии в отдельном модельном окне",Незначительная,"1. Перейти на главную страницу
2. Авторизоваться под учетной записью","Windows 10 Pro x64, Google Chrome  114.0.5735.91, разрешение экрана 1366х768, 1024х768;",,"1. Открыть бургер меню на боковой панели                                                             2. Активировать выпадающий список у пункта ""Тестовая страница №4""                                                  3. Нажать на кнопку зума под диаграммой ""Количество акционеров, воспользовавшихся сервисами электронного голосования""","Модальное окно тултипов №5  закрывает содержание диаграммы  ""Количество акционеров, воспользовавшихся сервисами электронного голосования"" ",Модальное окно тултипа не должно перекрывать содержание диаграммы,,
21,"Нет центровки текста у тултипа №1 в диаграмме ""Количество акционеров, воспользовавшихся сервисами электронного голосования"" на стр.4",Незначительная,"1. Перейти на главную страницу
2. Авторизоваться под учетной записью","Windows 10 Pro x64, Google Chrome  114.0.5735.91, разрешение экрана 1920х1080,1366х768, 1024х768;",Отсутствие центровки также актуально для диаграммы открытой в модальном окне,"1. Открыть бургер меню на боковой панели                                                             2.  Выбрать ""Тестовая страница №4""                                     3. Перейти к диаграмме ""Количество акционеров, воспользовавшихся сервисами электронного голосования""                                   ","Нет центровки текста у тултипа №1 в диаграмме ""Количество акционеров, воспользовавшихся сервисами электронного голосования"" ","Текста в тултипе №1, диаграммы ""Количество акционеров, воспользовавшихся сервисами электронного голосования"", должен быть отцентрован",,
22,"Нет центровки текста у тултипа №2 в диаграмме ""Количество акционеров, воспользовавшихся сервисами электронного голосования"" на стр.4",Незначительная,"1. Перейти на главную страницу
2. Авторизоваться под учетной записью","Windows 10 Pro x64, Google Chrome  114.0.5735.91, разрешение экрана 1920х1080,1366х768, 1024х768;",Отсутствие центровки также актуально для диаграммы открытой в модальном окне,"1. Открыть бургер меню на боковой панели                                                             2.  Выбрать ""Тестовая страница №4""                                     3. Перейти к диаграмме ""Количество акционеров, воспользовавшихся сервисами электронного голосования""                                   ","Нет центровки текста у тултипа №2 в диаграмме ""Количество акционеров, воспользовавшихся сервисами электронного голосования"" ","Текста в тултипе №2, диаграммы ""Количество акционеров, воспользовавшихся сервисами электронного голосования"", должен быть отцентрован",,
23,"Нет центровки текста у тултипа №4 в диаграмме ""Количество акционеров, воспользовавшихся сервисами электронного голосования"" на стр.4",Незначительная,"1. Перейти на главную страницу
2. Авторизоваться под учетной записью","Windows 10 Pro x64, Google Chrome  114.0.5735.91, разрешение экрана 1920х1080,1366х768, 1024х768;",Отсутствие центровки также актуально для диаграммы открытой в модальном окне,"1. Открыть бургер меню на боковой панели                                                             2.  Выбрать ""Тестовая страница №4""                                     3. Перейти к диаграмме ""Количество акционеров, воспользовавшихся сервисами электронного голосования""                                   ","Нет центровки текста у тултипа №4 в диаграмме ""Количество акционеров, воспользовавшихся сервисами электронного голосования"" ","Текста в тултипе №4, диаграммы ""Количество акционеров, воспользовавшихся сервисами электронного голосования"", должен быть отцентрован",,
24,"Нет ед. измерения у диаграммы ""Количество заседаний Совета директоров"" на стр.5",Незначительная,"1. Перейти на главную страницу
2. Авторизоваться под учетной записью","Windows 10 Pro x64, Google Chrome  114.0.5735.91, разрешение экрана 1920х1080,1366х768, 1024х768;",,"1. Открыть бургер меню на боковой панели                                                             2.  Выбрать ""Тестовая страница №5""                                                                3. Перейти к диаграмме ""Количество заседаний Совета директоров"" ","Нет ед. измерения у диаграммы ""Количество заседаний Совета директоров""","У диаграммы ""Количество заседаний Совета директоров"" должна быть указана ед. измерения",,
25,"Некорректная процентовка в диаграмме ""Статус членов Совета директоров"" на стр. 5",Незначительная,"1. Перейти на главную страницу
2. Авторизоваться под учетной записью","Windows 10 Pro x64, Google Chrome  114.0.5735.91, разрешение экрана 1920х1080,1366х768, 1024х768;","Согласно списку совета директоров, кол-во независимых директоров - 2 чел, т.е. 22% от общего числа участников, исполнительных -  4 чел., т.е. 45%, а неисполнительных 3 чел., т.е. 33%","1. Открыть бургер меню на боковой панели                                                             2.  Выбрать ""Тестовая страница №5""                                                                3. Перейти к диаграмме ""Статус членов Совета директоров"" ","В диаграмме указано, что независимых директоров 54%, неисполнительных 23%,  а исполнительных 23 %","В диаграмме указано, что независимых директоров 22%, неисполнительных 33%,  а исполнительных 45 %",,
26,"Некорректная процентовка в диаграмме ""Срок пребывания в составе Правления"" на стр. 6",Незначительная,"1. Перейти на главную страницу
2. Авторизоваться под учетной записью","Windows 10 Pro x64, Google Chrome  114.0.5735.91, разрешение экрана 1920х1080,1366х768, 1024х768;","Согласно информации об изменениях в составе правления на стр. 5, кол-во человек со сроком пребывания в составе правления менее 2-х лет - 1 чел, т.е. 11% от общего числа чел-к , от 2-5 лет - 33% , 6-7 лет - 56%","1. Открыть бургер меню на боковой панели                                                             2.  Выбрать ""Тестовая страница №6""                                                                 3. Перейти к диаграмме ""Срок пребывания в составе Правления"" ","В диаграмме указано, что кол-во человек со сроком пребывания в составе правления менее 2-х лет - 23%, от 2-5 лет - 8%, 6-7 лет - 69%","В диаграмме должно быть указано, что кол-во человек со сроком пребывания в составе правления менее 2-х лет - 11%, от 2-5 лет - 33%, 6-7 лет - 56%",,
27,"Некорректная процентовка в диаграмме ""Гендерный состав Правления"" на стр. 6",Незначительная,"1. Перейти на главную страницу
2. Авторизоваться под учетной записью","Windows 10 Pro x64, Google Chrome  114.0.5735.91, разрешение экрана 1920х1080,1366х768, 1024х768;","Согласно информации об изменениях в составе правления на стр. 5, кол-во мужчин в составе правления составляет - 8 чел, т.е. 89% от общего количество, женщин - 1 чел., т.е. 11 %","1. Открыть бургер меню на боковой панели                                                             2.  Выбрать ""Тестовая страница №6""                                    3. Перейти к диаграмме ""Гендерный состав Правления""                             ","В диаграмме указано, что кол-во мужчин в составе правления - 67%, а женщин - 33%","В диаграмме должно быть указано, что кол-во мужчин в составе правления - 89%, а женщин - 11%",,
28,"Нет ед. измерения у диаграммы ""Количество заседаний Правления"" на стр.6",Незначительная,"1. Перейти на главную страницу
2. Авторизоваться под учетной записью","Windows 10 Pro x64, Google Chrome  114.0.5735.91, разрешение экрана 1920х1080,1366х768, 1024х768;",,"1. Открыть бургер меню на боковой панели                                                             2.  Выбрать ""Тестовая страница №6""                                                           3. Перейти к диаграмме ""Количество заседаний Правления""          ","Нет ед. измерения у диаграммы ""Количество заседаний Правления","У диаграммы ""Количество заседаний Правления"" должна быть указана ед. измерения",,
29,"Ошибка в слове ""Тестовая"" в названии страницы ""Тестовая страница №7"" в боковом меню",Тривиальная,"1. Перейти на главную страницу
2. Авторизоваться под учетной записью","Windows 10 Pro x64, Google Chrome  114.0.5735.91, разрешение экрана 1920х1080,1366х768, 1024х768;","Ошибка в слове ""тестовая"". Написано тестАвая","1. Открыть бургер меню на боковой панели                                                             2.  Найти ""Тестовая страница №3""                                                                ","В названии страницы ""Тестовая страница №7""  указано ""ТестАвая страница №7""","В названии страницы ""Тестовая страница №7""  должно быть указано ""Тестовая страница №7""",,
30,"Ошибка в слове ""Тестовая"" в хлебных крошках на странице ""Тестовая страница №7"" ",Тривиальная,"1. Перейти на главную страницу
2. Авторизоваться под учетной записью","Windows 10 Pro x64, Google Chrome  114.0.5735.91, разрешение экрана 1920х1080,1366х768, 1024х768;","Ошибка в слове ""тестовая"". Написано тестАвая","1. Открыть бургер меню на боковой панели                                                             2.  Выбрать ""Тестовая страница №3""                                                                ","В названии страницы ""Тестовая страница №7""  указано ""ТестАвая страница №7""","В названии страницы ""Тестовая страница №7""  должно быть указано ""Тестовая страница №7""",,
31,"Врезка ""Система корпоративного управления ПАО «Чимичанга Ltd.»"" находится внутри аккордеона ""Система корпоративного управления"", а не в ассайде на стр. 7",Незначительная,"1. Перейти на главную страницу
2. Авторизоваться под учетной записью","Windows 10 Pro x64, Google Chrome  114.0.5735.91, разрешение экрана 1920х1080,1366х768, 1024х768;",Все врезки должны находиться в ассайде,"1. Открыть бургер меню на боковой панели                                                             2.  Выбрать ""Тестовая страница №7""       3. Открыть аккордеон ""Система корпоративного управления""                                                              ","Врезка ""Система корпоративного управления ПАО «Чимичанга Ltd.»"" находится внутри аккордеона ""Система корпоративного управления""","Врезка ""Система корпоративного управления ПАО «Чимичанга Ltd.»"" должна находится в ассайде, напротив аккордеона ""Система корпоративного управления""",,
32,"Нет гиперссылки на подраздел «Раскрытие информации» на врезке ""Система корпоративного управления ПАО «Чимичанга Ltd.»"" находится внутри аккордеона ""Система корпоративного управления"", в аккордеоне ""Система корпоративного управления"", на стр. 7",Незначительная,"1. Перейти на главную страницу
2. Авторизоваться под учетной записью","Windows 10 Pro x64, Google Chrome  114.0.5735.91, разрешение экрана 1920х1080,1366х768, 1024х768;",,"1. Открыть бургер меню на боковой панели                                                             2.  Выбрать ""Тестовая страница №7""       3. Открыть аккордеон ""Система корпоративного управления""                                                              ","Врезка ""Система корпоративного управления ПАО «Чимичанга Ltd.»"" не имеет гиперссылки на подраздел «Раскрытие информации» ","Врезка ""Система корпоративного управления ПАО «Чимичанга Ltd.»"" должна иметь гиперссылку на подраздел «Раскрытие информации» ",,
33,Неактивны стрелки горизонтального скролла  <>  у таблицы «Соответствие принципам и рекомендациям Кодекса корпоративного управления» на 7 стр.,Незначительная,"1. Перейти на главную страницу
2. Авторизоваться под учетной записью","Windows 10 Pro x64, Google Chrome  114.0.5735.91, разрешение экрана 1920х1080,1366х768, 1024х768;",,"1. Открыть бургер меню на боковой панели                                               2. Выбрать пункт ""Тестовая страница №7""                                                    3. Раскрыть аккордеон "" Система корпоративного управления """,Не работает горизонтальный скролл при просмотре таблицы,Стрелки горизонтальный скролла должны быть активны при просмотре содержания таблицы в отдельном окне,,В т.ч. Вертикальный скролл не работает когда таблица открыта в отдельном окне.
34,"Неактивны стрелки горизонтального скролла  <>  у таблицы «Участие членов Совета директоров в заседаниях в 2019 году», на 7 стр.",Незначительная,"1. Перейти на главную страницу
2. Авторизоваться под учетной записью","Windows 10 Pro x64, Google Chrome  114.0.5735.91, разрешение экрана 1920х1080,1366х768, 1024х768;","Стрелки вертикального скролла становятся активными только внизу таблицы, рядом с полосой прокрутки","1. Открыть бургер меню на боковой панели                                               2. Выбрать пункт ""Тестовая страница №7""                                                    3. Раскрыть аккордеон "" Совет директоров """,Не работает горизонтальный скролл при просмотре таблицы,Стрелки горизонтальный скролла должны быть активны при просмотре содержания таблицы в отдельном окне,,В т.ч. Вертикальный скролл не работает когда таблица открыта в отдельном окне.
35,Не активны стрелки горизонтального скролла <>  у таблицы «Участие членов Совета директоров в заседаниях в 2019 году» когда она открыта в отдельном окне,Незначительная,"1. Перейти на главную страницу
2. Авторизоваться под учетной записью","Windows 10 Pro x64, Google Chrome  114.0.5735.91, разрешение экрана 1920х1080",Просмотреть содержание таблицы можно только с использованием полосы прокрутки внизу страницы,"1. Открыть бургер меню на боковой панели                                               2. Выбрать пункт ""Тестовая страница №7""                                                    3. Раскрыть аккордеон "" Совет директоров ""                                          4. Нажать на значок ""Увеличить"" под таблицей",Не работает горизонтальный скролл при просмотре таблицы,Стрелки горизонтальный скролла должны быть активны при просмотре содержания таблицы в отдельном окне,,
36,Не активны стрелки горизонтального скролла <>  у таблицы «Ключевые компетенции членов Совета директоров» на 7 стр.,Незначительная,"1. Перейти на главную страницу
2. Авторизоваться под учетной записью","Windows 10 Pro x64, Google Chrome  114.0.5735.91, разрешение экрана 1920х1080,1366х768, 1024х768;",На разрешении 1024х768 стрелки горизонтального скролла начинают работать,"1. Открыть бургер меню на боковой панели                                               2. Выбрать пункт ""Тестовая страница №7""                                                    3. Раскрыть аккордеон ""Состав совета директоров""",Не работает горизонтальный скролл при просмотре таблицы,Стрелки горизонтальный скролла должны быть активны при просмотре содержания таблицы в отдельном окне,,
37,"Нет гиперссылки во врезке  ""Устав компании"" , в аккордеоне ""Общее собрание акционеров "" на 7 стр.",Незначительная,"1. Перейти на главную страницу
2. Авторизоваться под учетной записью","Windows 10 Pro x64, Google Chrome  114.0.5735.91, разрешение экрана 1920х1080,1366х768, 1024х768;",,"1. Открыть бургер меню на боковой панели                                               2. Выбрать пункт ""Тестовая страница №7""                                                    3. Раскрыть аккордеон ""Общее собрание акционеров ""","Врезка   ""Устав компании"" не имеет значка ссылки, не является кликабельной и не ведет на страницу с уставом","Врезка   ""Устав компании"" должна иметь значок ссылки, является кликабельной, и вести на страницу с уставом",,
38,"Нет гиперссылки во врезке "" Личный кабинет акционера"" , в аккордеоне ""Совет директоров"" на 7 стр.",Незначительная,"1. Перейти на главную страницу
2. Авторизоваться под учетной записью","Windows 10 Pro x64, Google Chrome  114.0.5735.91, разрешение экрана 1920х1080,1366х768, 1024х768;",,"1. Открыть бургер меню на боковой панели                                               2. Выбрать пункт ""Тестовая страница №7""                                                    3. Раскрыть аккордеон ""Совет директоров ""","Врезка   ""Личный кабинет акционера"" не имеет значка ссылки, не является кликабельной и не ведет на страницу с документом","Врезка   ""Личный кабинет акционера"" должна иметь значок ссылки, являться кликабельной, и вести на страницу с документом",,
39,"Нет гиперссылки  во врезке  «Положение об Общем собрании акционеров» , в аккордеоне ""Общее собрание акционеров "" на 7 стр.",Незначительная,"1. Перейти на главную страницу
2. Авторизоваться под учетной записью","Windows 10 Pro x64, Google Chrome  114.0.5735.91, разрешение экрана 1920х1080,1366х768, 1024х768;",,"1. Открыть бургер меню на боковой панели                                               2. Выбрать пункт ""Тестовая страница №7""                                                    3. Раскрыть аккордеон ""Общее собрание акционеров ""","Врезка   ""Положение об Общем собрании акционеров"" не имеет значка ссылки, не является кликабельной и не ведет на страницу с положением","Врезка   ""Положение об Общем собрании акционеров"" должна иметь значок ссылки, является кликабельной, и вести на страницу с положением",,
40,"Нет гиперссылки во врезке «Политика повышения квалификации членов Совета директоров"", в аккордеоне ""Состав совета директоров "", на 7 стр.",Незначительная,"1. Перейти на главную страницу
2. Авторизоваться под учетной записью","Windows 10 Pro x64, Google Chrome  114.0.5735.91, разрешение экрана 1920х1080,1366х768, 1024х768;",,"1. Открыть бургер меню на боковой панели                                               2. Выбрать пункт ""Тестовая страница №7""                                                    3. Раскрыть аккордеон ""Состав совета директоров""","Врезка   ""Политика повышения квалификации членов Совета директоров"" не имеет значка ссылки, не является кликабельной и не ведет на страницу с документом","Врезка   ""Политика повышения квалификации членов Совета директоров"" должна иметь значок ссылки, являться кликабельной, и вести на страницу с документом",,
41,"Нет гиперссылки во врезке ""Оценка деятельности Совета директоров"", в аккордеоне ""Состав совета директоров "", на 7 стр.",Незначительная,"1. Перейти на главную страницу
2. Авторизоваться под учетной записью","Windows 10 Pro x64, Google Chrome  114.0.5735.91, разрешение экрана 1920х1080,1366х768, 1024х768;",,"1. Открыть бургер меню на боковой панели                                               2. Выбрать пункт ""Тестовая страница №7""                                                    3. Раскрыть аккордеон ""Состав совета директоров""","Врезка   ""Оценка деятельности Совета директоров"" не имеет значка ссылки, не является кликабельной и не ведет на страницу с документом","Врезка   ""Оценка деятельности Совета директоров"" должна иметь значок ссылки, являться кликабельной, и вести на страницу с документом",,
42,"Ошибка в  слове ""подстраница"" в названии страницы  7.1 : ""Тестовая подстраница №1"" в боковом меню",Тривиальная,"1. Перейти на главную страницу
2. Авторизоваться под учетной записью","Windows 10 Pro x64, Google Chrome  114.0.5735.91, разрешение экрана 1920х1080,1366х768, 1024х768;","Ошибка в слове ""подстраница"" в названии страницы 7.1 - ""Тестовая поТстраница №1""","1. Открыть бургер меню на боковой панели                                               2. Активировать выпадающий список у пункта ""Тестовая страница №7""                                                  ","Ошибка в названии страницы 7.1: ""Тестовая поТстраница №1""","Название страницы 7.1 должно быть: ""Тестовая подстраница №1""",,
43,"Ошибка в  слове ""подстраница"" в хлебных крошках на странице 7.1",Тривиальная,"1. Перейти на главную страницу
2. Авторизоваться под учетной записью","Windows 10 Pro x64, Google Chrome  114.0.5735.91, разрешение экрана 1920х1080,1366х768, 1024х768;","Ошибка в слове ""подстраница"" в названии страницы 7.1 - ""Тестовая поТстраница №1"".","1. Открыть бургер меню на боковой панели                                               2. Активировать выпадающий список у пункта ""Тестовая страница №7""                                                  ","Ошибка в названии страницы 7.1: ""Тестовая поТстраница №1""","Название страницы 7.1 должно быть: ""Тестовая подстраница №1""",,
44,"Отсутствует контент на странице 7.1 ""Биографии членов совета директоров""",Незначительная,"1. Перейти на главную страницу
2. Авторизоваться под учетной записью","Windows 10 Pro x64, Google Chrome  114.0.5735.91, разрешение экрана 1920х1080,1366х768, 1024х768;",,"1. Открыть бургер меню на боковой панели                                                             2. Активировать выпадающий список у пункта ""Тестовая страница №7""           3.  Кликнуть по ""Тестовая страница №1""               ",Отсутствует контент на странице 7.1,На странице 7.1 должны присутствовать биографии членов совета директоров,,
45,"Не кликабелен значок гиперссылки у врезки ""С биографией членов Совета директоров, не вошедших в новый состав Совета директоров, можно ознакомиться в Годовом отчете за 2018 год."" на странице 7.1",Незначительная,"1. Перейти на главную страницу
2. Авторизоваться под учетной записью","Windows 10 Pro x64, Google Chrome  114.0.5735.91, разрешение экрана 1920х1080,1366х768, 1024х768;",,"1. Открыть бургер меню на боковой панели                                                             2. Активировать выпадающий список у пункта ""Тестовая страница №7""           3.  Кликнуть по ""Тестовая страница №1""                                                            ","Значок ссылки у врезки ""С биографией членов Совета директоров, не вошедших в новый состав Совета директоров, можно ознакомиться в Годовом отчете за 2018 год"" не кликабелен, и ведет на страницу с отчетом","Значок ссылки у врезки ""С биографией членов Совета директоров, не вошедших в новый состав Совета директоров, можно ознакомиться в Годовом отчете за 2018 год"" должен быть кликабелен, и вести на страницу с отчетом",,
46,"Нет кнопки зума у диаграммы ""Статус членов Совета директоров в комитетах на 31 декабря 2019 года"" на стр. 7.2",Незначительная,"1. Перейти на главную страницу
2. Авторизоваться под учетной записью","Windows 10 Pro x64, Google Chrome  114.0.5735.91, разрешение экрана 1920х1080,1366х768, 1024х768;",,"1. Открыть бургер меню на боковой панели                                                             2. Активировать выпадающий список у пункта ""Тестовая страница №7""           3.  Кликнуть по ""Тестовая страница №2""                                                                  4. Перейти в раздел ""Комитет по аудиту и устойчивому развитию""","Нет кнопки у диаграммы ""Статус членов Совета директоров в комитетах на 31 декабря 2019 года""","У диаграммы ""Статус членов Совета директоров в комитетах на 31 декабря 2019 года"" должна быть кнопка зума",,
47,"Нет закрепа названия столбцов в таблице ""Состав Комитета по аудиту и устойчивому развитию в 2019 году"", на стр.7.2",Незначительная,"1. Перейти на главную страницу
2. Авторизоваться под учетной записью","Windows 10 Pro x64, Google Chrome  114.0.5735.91, разрешение экрана 1920х1080,1366х768, 1024х768;",,"1. Открыть бургер меню на боковой панели                                                             2. Активировать выпадающий список у пункта ""Тестовая страница №7""           3.  Кликнуть по ""Тестовая страница №2""                                                                  4. Перейти в раздел ""Комитет по аудиту и устойчивому развитию""","Нет закрепа названия столбцов в таблице ""Состав Комитета по аудиту и устойчивому развитию в 2019 году""","Названия столбцов таблицы ""Состав Комитета по аудиту и устойчивому развитию в 2019 году"" должны быть закреплены",,
48,"Нет закрепа названия столбцов в таблице ""Состав Комитета по стратегии в 2019 году"", на стр.7.2",Незначительная,"1. Перейти на главную страницу
2. Авторизоваться под учетной записью","Windows 10 Pro x64, Google Chrome  114.0.5735.91, разрешение экрана 1920х1080,1366х768, 1024х768;",,"1. Открыть бургер меню на боковой панели                                                             2. Активировать выпадающий список у пункта ""Тестовая страница №7""           3.  Кликнуть по ""Тестовая страница №2""                                                                  4. Перейти в раздел ""Комитет по стратегии""     ","Нет закрепа названия столбцов в таблице ""Состав Комитета по стратегии в 2019 году""","Названия столбцов таблицы ""Состав Комитета по стратегии в 2019 году"" должны быть закреплены",,
49,"Нет закрепа названия столбцов в таблице ""Состав Комитета по бюджету в 2019 году"", на стр.7.2",Незначительная,"1. Перейти на главную страницу
2. Авторизоваться под учетной записью","Windows 10 Pro x64, Google Chrome  114.0.5735.91, разрешение экрана 1920х1080,1366х768, 1024х768;",,"1. Открыть бургер меню на боковой панели                                                             2. Активировать выпадающий список у пункта ""Тестовая страница №7""           3.  Кликнуть по ""Тестовая страница №2""                                                                  4. Перейти в раздел ""Комитет по бюджету""     ","Нет закрепа названия столбцов в таблице ""Состав Комитета по бюджету в 2019 году""","Названия столбцов таблицы ""Состав Комитета по бюджету в 2019 году"" должны быть закреплены",,
50,Неактивна кнопка «Скачать» в подразделе «Состав Комитета по бюджету в 2019 году» на странице 7.2,Незначительная,"1. Перейти на главную страницу
2. Авторизоваться под учетной записью","Windows 10 Pro x64, Google Chrome  114.0.5735.91, разрешение экрана 1920х1080,1366х768, 1024х768;","Под таблицей ""Состав Комитета по бюджету в 2019 году"" неактивна кнопка ""Скачать"". Также она не активна, если таблица открыта в отдельном окне","1. Открыть бургер меню на боковой панели                                                             2. Активировать выпадающий список у пункта ""Тестовая страница №7""           3.  Кликнуть по ""Тестовая страница №2""                                                                   4. Перейти в раздел ""Комитет по бюджету""    ","Нельзя скачать xls файл с таблицей ""Состав Комитета по бюджету в 2019 году""","Должна быть возможность скачать xls файл с таблицей ""Состав Комитета по бюджету в 2019 году""",,
51,"Задвоена буква ""в"" в фамилии ""Белорусов"" в таблице ""Состав Комитета по бюджету в 2019 году"", столбце ""После ГОСов"" на стр. 7.2",Тривиальная,"1. Перейти на главную страницу
2. Авторизоваться под учетной записью","Windows 10 Pro x64, Google Chrome  114.0.5735.91, разрешение экрана 1920х1080,1366х768, 1024х768;",,"1. Открыть бургер меню на боковой панели                                                             2. Активировать выпадающий список у пункта ""Тестовая страница №7""           3.  Кликнуть по ""Тестовая страница №2""                                                                  4. Перейти в раздел ""Комитет по аудиту и устойчивому развитию""",В таблице указана фамилия Берусовв,В таблице должна быть указана фамилия Берусов,,
52,"Некорректная процентовка в диаграмме ""Статус членов Совета директоров в комитетах на 31 декабря 2019 года"" на стр. 7.2",Незначительная,"1. Перейти на главную страницу
2. Авторизоваться под учетной записью","Windows 10 Pro x64, Google Chrome  114.0.5735.91, разрешение экрана 1920х1080","Согласно информации со страницы 7.2, кол-во независимых директоров = 8 чел, т.е. 67% от общего числа участников, а неисполнительных 4 чел., т.е. 33%","1. Открыть бургер меню на боковой панели                                                             2. Активировать выпадающий список у пункта ""Тестовая страница №7""           3.  Кликнуть по ""Тестовая страница №2""                                                                  4. Перейти в раздел ""Комитет по бюджету""","В диаграмме указано, что независимых директоров 65%, а неисполнительных 35%","В диаграмме должно быть указано, что независимых директоров 67%, а неисполнительных 33%",,
53,Текст врезки выезжает за границы ассайда на странице 7.3 ,Незначительная,"1. Перейти на главную страницу
2. Авторизоваться под учетной записью","Windows 10 Pro x64, Google Chrome  114.0.5735.91, разрешение экрана 1366х768, 1024х768;",,"1. Открыть бургер меню на боковой панели                                                             2. Активировать выпадающий список у пункта ""Тестовая страница №7""           3.  Кликнуть по ""Тестовая страница №3""               ",Текст врезки  выезжает за границы ассайда,Текст врезки не должен выезжать за границы ассайда,,
54,"Пропущен предлог ""о"" в предложении ""На заседании 15 января 2020 года Совет директоров утвердил новое Положение _Корпоративном секретаре "" на странице 7.3",Тривиальная,"1. Перейти на главную страницу
2. Авторизоваться под учетной записью","Windows 10 Pro x64, Google Chrome  114.0.5735.91, разрешение экрана 1920х1080,1366х768, 1024х768;",,"1. Открыть бургер меню на боковой панели                                                             2. Активировать выпадающий список у пункта ""Тестовая страница №7""           3.  Кликнуть по ""Тестовая страница №3""               ","В предложении ""На заседании 15 января 2020 года Совет директоров утвердил новое Положение _Корпоративном секретаре"" пропущен предлог о","Предложение должно быть ""На заседании 15 января 2020 года Совет директоров утвердил новое Положение  о Корпоративном секретаре""",,Текст предложения не полный
55,"Лишняя кавычка  в конце предложении ""Владение акциями и сделки с ними: акциями ПАО «Чимичанга Ltd.» не владеет и сделок с ними в отчетном году не совершал»"" на странице 7.3",Тривиальная,"1. Перейти на главную страницу
2. Авторизоваться под учетной записью","Windows 10 Pro x64, Google Chrome  114.0.5735.91, разрешение экрана 1920х1080,1366х768, 1024х768;",,"1. Открыть бургер меню на боковой панели                                                             2. Активировать выпадающий список у пункта ""Тестовая страница №7""           3.  Кликнуть по ""Тестовая страница №3""               ","В предложении ""Владение акциями и сделки с ними: акциями ПАО «Чимичанга Ltd.» не владеет и сделок с ними в отчетном году не совершал»""  кавычка в конце","В конце предложения ""Владение акциями и сделки с ними: акциями ПАО «Чимичанга Ltd.» не владеет и сделок с ними в отчетном году не совершал»"" не должно быть кавычки",,Текст предложения не полный
56,Указан некорректный опыт работы корпоративного секретаря за последние 5 лет на стр. 7.3,Тривиальная,"1. Перейти на главную страницу
2. Авторизоваться под учетной записью","Windows 10 Pro x64, Google Chrome  114.0.5735.91, разрешение экрана 1920х1080,1366х768, 1024х768;","Терри А. Крюс  работает в качестве корпоративного секретаря в ПАО «Чимичанга Ltd.»  с 2011 года. То есть если брать за год отчета последних 5 лет работы 2019 год, то получается, что он работаем в компании с 2014 года, а не 11. Также на 6 стр. указано, что он является членом правления с 2013 года, что также необходимо отразить на странице в разделе опыта","1. Открыть бургер меню на боковой панели                                                             2. Активировать выпадающий список у пункта ""Тестовая страница №7""           3.  Кликнуть по ""Тестовая страница №3""               ",Терри А. Крюс  работает в качестве корпоративного секретаря в ПАО «Чимичанга Ltd.» за последние 5 лет начинается с 2017 года,Терри А. Крюс  работает в качестве корпоративного секретаря в ПАО «Чимичанга Ltd.» за последние 5 лет должно начинаться с 2014 года (2019 - 4 = 2015),,
57,"Не кликабелен значок гиперссылки у врезки ""С биографией членов Совета директоров, не вошедших в новый состав Совета директоров, можно ознакомиться в Годовом отчете за 2018 год."" на странице 7.4",Незначительная,"1. Перейти на главную страницу
2. Авторизоваться под учетной записью","Windows 10 Pro x64, Google Chrome  114.0.5735.91, разрешение экрана 1920х1080",,"1. Открыть бургер меню на боковой панели                                                             2. Активировать выпадающий список у пункта ""Тестовая страница №7""           3.  Кликнуть по ""Тестовая страница №4""                                                                  4. Перейти в раздел ""Состав правления""    ","Значок ссылки у врезки ""С биографией членов Совета директоров, не вошедших в новый состав Совета директоров, можно ознакомиться в Годовом отчете за 2018 год"" не кликабелен, и ведет на страницу с отчетом","Значок ссылки у врезки ""С биографией членов Совета директоров, не вошедших в новый состав Совета директоров, можно ознакомиться в Годовом отчете за 2018 год"" должен быть кликабелен, и вести на страницу с отчетом",,
58,"В тултипе, напротив фамилии Либер С.М., таблица ""Состав Правления в 2019 году"", на стр. 7.4, указан 18 год вместо 19",Тривиальная,"1. Перейти на главную страницу
2. Авторизоваться под учетной записью","Windows 10 Pro x64, Google Chrome  114.0.5735.91, разрешение экрана 1920х1080,1366х768, 1024х768;",,"1. Открыть бургер меню на боковой панели                                                             2. Активировать выпадающий список у пункта ""Тестовая страница №7""           3.  Кликнуть по ""Тестовая страница №4""                                                                                        4. Перейти в раздел ""Состав правления""   ","В тултипе, напротив фамилии Либер С.М, указан 2018 год вместо 2019","В тултипе, напротив фамилии Либер С.М. должен быть указан  2019 год",,
59,"Заголовок страницы 7.5 ""Биографии членов правления"" не соответствует контенту страницы",Незначительная,"1. Перейти на главную страницу
2. Авторизоваться под учетной записью","Windows 10 Pro x64, Google Chrome  114.0.5735.91, разрешение экрана 1920х1080,1366х768, 1024х768;",,"1. Открыть бургер меню на боковой панели                                                             2. Активировать выпадающий список у пункта ""Тестовая страница №7""           3.  Кликнуть по ""Тестовая страница №5""               ","Страница содержит постер к фильму ""Дедпул 2""",Страница должна содержать биографии членов правления на конец 2019 года,,
60,Не кликабелен значок гиперссылки у врезки «Политика вознаграждения членов Совета директоров» на стр. 8,Незначительная,"1. Перейти на главную страницу
2. Авторизоваться под учетной записью","Windows 10 Pro x64, Google Chrome  114.0.5735.91, разрешение экрана 1920х1080",,"1. Открыть бургер меню на боковой панели                                                             2. Выбрать ""Тестовая страница №8""                   3. Перейти в раздел "" Вознаграждение членов совета директоров""","Значок ссылки у врезки ""Политика вознаграждения членов Совета директоров"" не кликабелен, и ведет на страницу с политикой вознаграждения","Значок ссылки у врезки ""Политика вознаграждения членов Совета директоров"" должен быть кликабелен, и вести на страницу с политикой вознаграждения",,
61,"Указан некорректный размер итогового вознаграждения в руб. в таблице ""Вознаграждение членов Совета директоров в 2019 году"" на стр. 8",Незначительная,"1. Перейти на главную страницу
2. Авторизоваться под учетной записью","Windows 10 Pro x64, Google Chrome  114.0.5735.91, разрешение экрана 1920х1080,1366х768, 1024х768;","Согласно данным из таблицы ""Вознаграждение членов Совета директоров в 2019 году"" на стр. 8 размер итого вознаграждения в рублях должен быть 248,2+0,8 = 249,00 млн.","1. Открыть бургер меню на боковой панели                                                             2. Выбрать ""Тестовая страница №8""              3. Перейти в раздел ""Вознаграждение членов Совета директоров в 2019 году""   ","Размер итогового вознаграждения в руб. в таблице ""Вознаграждение членов Совета директоров в 2019 году"" составляет 249,1 млн руб.","Размер итогового вознаграждения в руб. в таблице ""Вознаграждение членов Совета директоров в 2019 году"" должен быть 249  млн руб. (248,2+0,8 = 249)",,
62,Указан некорректный размер итогового вознаграждения в млн. руб. в ассайде на стр. 8,Незначительная,"1. Перейти на главную страницу
2. Авторизоваться под учетной записью","Windows 10 Pro x64, Google Chrome  114.0.5735.91, разрешение экрана 1920х1080,1366х768, 1024х768;","Согласно данным из таблицы ""Вознаграждение членов Совета директоров в 2019 году"" на стр. 8 размер итого вознаграждения в рублях должен быть 248,2+0,8 = 249,00 млн.","1. Открыть бургер меню на боковой панели                                                             2. Выбрать ""Тестовая страница №8""         ","В сайдбаре указан размер итогового вознаграждения в руб. - 249,1 млн руб.", Размер итогового вознаграждения  в сайдбаре должен составлять 249  млн руб. ,,
63,"Цифры в таблице ""Вознаграждение членов Совета директоров в 2019 году"", в столбец ""Размер вознаграждения"" млн долл. США, на стр. 8, содержат два знака после запятой ",Незначительная,"1. Перейти на главную страницу
2. Авторизоваться под учетной записью","Windows 10 Pro x64, Google Chrome  114.0.5735.91, разрешение экрана 1920х1080,1366х768, 1024х768;","Цифры в столбце ""Размер вознаграждения"" в млн долл. США. не приведены к общему виду - один знак после запятой","1. Открыть бургер меню на боковой панели                                                             2. Выбрать ""Тестовая страница №8""                            3. Перейти в раздел ""Вознаграждение членов Совета директоров в 2019 году""","Цифры в столбце  ""Размер вознаграждения"" в млн долл. США  имеют два знака после запятой","Цифры в столбце  ""Размер вознаграждения"" млн долл. США  должны иметь один знак после запятой",,
64,Нет 9 страницы в структуре сайта ,Незначительная,"1. Перейти на главную страницу
2. Авторизоваться под учетной записью","Windows 10 Pro x64, Google Chrome  114.0.5735.91, разрешение экрана 1920х1080,1366х768, 1024х768;","После 8 страницы происходит переход сразу к странице 9.1, вместо 9. При выборе 9 страницы из бокового меню также происходит переход на стр. 9.1","1. Открыть бургер меню на боковой панели                                                             2. Выбрать ""Тестовая страница №8""                   3. Нажать Cntrl + --> ( или нажать на стрелку навигации вправо)",9 страницы не существует,Должен быть переход на 9 страницу,,"Если 9 страницы не существует, то 9.1 должна быть переименована в 9, а 9.2 в 9.1"
65,Не кликабелен значок гиперссылки у врезки «Положение о Ревизионной комиссии» на странице 9.1,Незначительная,"1. Перейти на главную страницу
2. Авторизоваться под учетной записью","Windows 10 Pro x64, Google Chrome  114.0.5735.91, разрешение экрана 1920х1080,1366х768, 1024х768;",,"1. Открыть бургер меню на боковой панели                                                             2. Активировать выпадающий список у пункта ""Тестовая страница №9""           3.  Кликнуть по ""Тестовая страница №1""                                                                        4. Перейти в раздел ""Ревизионная комиссия""    ","Значок ссылки у врезки ""Положение о Ревизионной комиссии"" не кликабелен, и ведет на страницу с положением","Значок ссылки у врезки ""Положение о Ревизионной комиссии"" должен быть кликабелен, и вести на страницу с положением",,
66,"Нет гиперссылки на документ в врезке ""Политика в области антикоррупционной деятельности""  на стр. 9.1",Незначительная,"1. Перейти на главную страницу
2. Авторизоваться под учетной записью","Windows 10 Pro x64, Google Chrome  114.0.5735.91, разрешение экрана 1920х1080,1366х768, 1024х768;",,"1. Открыть бургер меню на боковой панели                                               2. Активировать выпадающий список у пункта ""Тестовая страница №9""           3.  Кликнуть по ""Тестовая страница №1""                                                      4. Перейти в раздел ""Предотвращение коррупции и других злоупотреблений""                 ","Врезка ""Политика в области антикоррупционной деятельности"" не имеет значка ссылки, не является кликабельной и не ведет на страницу с документом","Врезка  ""Политика в области антикоррупционной деятельности"" должна иметь значок ссылки, является кликабельной, и вести на страницу с документом",,
67,"Название столбца ""Показатель"" меняется на undefined при пролистывании таблицы вниз на стр.9.1",Незначительная,"1. Перейти на главную страницу
2. Авторизоваться под учетной записью","Windows 10 Pro x64, Google Chrome  114.0.5735.91, разрешение экрана 1920х1080,1366х768, 1024х768;",,"1. Открыть бургер меню на боковой панели                                               2. Активировать выпадающий список у пункта ""Тестовая страница №9""           3.  Кликнуть по ""Тестовая страница №1""                                                      4. Перейти в раздел ""Служба корпоративного доверия""                 ","Название столбца ""Показатель"" меняется на undefined при пролистывании таблицы вниз","Название столбца ""Показатель"" не должно меняется при пролистывании таблицы вниз",,
68,Задвоен значок ссылки внизу страницы 9.1,Тривиальная,"1. Перейти на главную страницу
2. Авторизоваться под учетной записью","Windows 10 Pro x64, Google Chrome  114.0.5735.91, разрешение экрана 1920х1080,1366х768, 1024х768;",,"1. Открыть бургер меню на боковой панели                                               2. Активировать выпадающий список у пункта ""Тестовая страница №9""           3.  Кликнуть по ""Тестовая страница №1""                                                      4. Опуститься вниз страницы                            ",Задвоен значок ссылки,Должен быть один значок ссылки,,
69,404 ошибка при переходе по ссылке «сайт ПАО «Чимичанга Ltd.» на странице 9.1,Значительная,"1. Перейти на главную страницу
2. Авторизоваться под учетной записью","Windows 10 Pro x64, Google Chrome  114.0.5735.91, разрешение экрана 1920х1080,1366х768, 1024х768;",,"1. Открыть бургер меню на боковой панели                                               2. Активировать выпадающий список у пункта ""Тестовая страница №9""                        3.  Кликнуть по ""Тестовая страница №1""                                                      4. Опуститься вниз страницы              5. Кликнуть на значок ссылки напротив   «сайт ПАО «Чимичанга Ltd.»            ",Появляется 404 ошибка,Сайт компании должен открываться в новом окне,,
70,"Не хватает иконок соц. сетей в боковой панели инструментов, в разделе ""Поделиться""",Незначительная,"1. Перейти на главную страницу
2. Авторизоваться под учетной записью","Windows 10 Pro x64, Google Chrome  114.0.5735.91, разрешение экрана 1920х1080,1366х768, 1024х768;","В боковой панели инструментов, в разделе ""Поделиться"" нет следующих соц. сетей, которые указаны в футере: YouTube, Instagram","1. Открыть  ""Инструменты"" на боковой панели                                               2. Выбрать раздел ""Поделиться""     ","В боковой панели инструментов, в разделе ""Поделиться"" отсутствуют соц. сети YouTube и Instagram","В боковой панели инструментов, в разделе ""Поделиться"" должны быть иконки соц. сетей YouTube и Instagram",,
71,Нет личного кабинета пользователя на  сайте,Критическая,"1. Перейти на главную страницу сайта
","Windows 10 Pro x64, Google Chrome  114.0.5735.91, разрешение экрана 1920х1080,1366х768, 1024х768;",,1. Авторизоваться под учетной записью,Отсутствует личный кабинет авторизированного пользователя,Личный кабинет пользователя должен присутствовать на сайте,,
72,"Отсутствует поисковая строка в версии сайта для ПК, которая появляется в бургер меню при просмотре сайта с других устройств",Критическая,"1. Перейти на главную страницу
2. Авторизоваться под учетной записью","Windows 10 Pro x64, Google Chrome  114.0.5735.91, разрешение экрана 1920х1080,1366х768, 1024х768;",,1. Открыть бургер меню на боковой панели          ,Поисковая строка отсутствует при активации бургер меню,Поисковая строка должна присутствовать при активации бургер меню,,
73,"Ошибка Manifest в  Сhrome Devtools : Line: 1, column: 1, Syntax error при запуске manifest.json:1 ",Значительная,"1. Перейти на главную страницу
2. Авторизоваться под учетной записью","Windows 10 Pro x64, Google Chrome  114.0.5735.91, разрешение экрана 1920х1080,1366х768, 1024х768;",,1. Открыть вкладку Console в Chrome Devtools                      ,"В консоле горит ошибка Manifest: Line: 1, column: 1, Syntax error при запуске manifest.json:1","В консоле не должно появляться ошибок при работе с сайтом, за иключением тех, что связаны с ПО блокирующее рекламу",,
74,Ошибка 401  Сhrome Devtools при отправке GET запроса авторизированным пользователем http://stage.test-qa.3ebra.com/favicon-icons/ru/manifest.json?v=wAv76MJzel ,Значительная,"1. Перейти на главную страницу
2. Авторизоваться под учетной записью","Windows 10 Pro x64, Google Chrome  114.0.5735.91, разрешение экрана 1920х1080,1366х768, 1024х768;",,1. Открыть вкладку Console в Chrome Devtools                      ,В консоле горит ошибка Ошибка 401 при отправке GET запроса авторизированным пользователем http://stage.test-qa.3ebra.com/favicon-icons/ru/manifest.json?v=wAv76MJzel ,"В консоле не должно появляться ошибок при работе с сайтом, за иключением тех, что связаны с ПО блокирующее рекламу",,
75,Фамилия Брианны Хильдебранд наезжает на ФИО Джины Д. Карано на стр. 5.,Незначительная,"1. Перейти на главную страницу
2. Авторизоваться под учетной записью","Windows 10 Pro x64, Google Chrome  114.0.5735.91, разрешение экрана 1366х768 и 1024х768;",,"1. Открыть бургер меню на боковой панели                                                             2. Выбрать  ""Тестовая страница №5""           ",Фамилия Брианны Хильдебранд наезжает на ФИО Джины Д. Карано,ФИО участников совета директоров не должны наезжать друг на друга,,
76,"Фото Тодда Дж. Миллера, на стр.5, больше других по размеру",Незначительная,"1. Перейти на главную страницу
2. Авторизоваться под учетной записью","Windows 10 Pro x64, Google Chrome  114.0.5735.91, разрешение экрана 1366х768 и 1024х768;","Размер фото Тодда Дж. Миллера  = 141.84х200.17 вместо 141.84х179.28, как у других членов совета директоров","1. Открыть бургер меню на боковой панели                                                             2. Выбрать  ""Тестовая страница №5""           ",Размер фото Тодда Дж. Миллера  = 141.84х200.17,Размер фото Тодда Дж. Миллера   должен быть 141.84х179.28,,
77,Фамилия Уильяма Бр. Питта наезжает на ФИО Хью М. Джекмана на стр. 6,Незначительная,"1. Перейти на главную страницу
2. Авторизоваться под учетной записью","Windows 10 Pro x64, Google Chrome  114.0.5735.91, разрешение экрана 1366х768 и 1024х768;",,"1. Открыть бургер меню на боковой панели                                                             2. Выбрать  ""Тестовая страница №6""           ",Фамилия Уильяма Бр. Питта наезжает на ФИО Хью М. Джекмана,ФИО участников совета правления не должны наезжать друг на друга,,
78,Врезка заезжает в футер на стр.7.1,Незначительная,"1. Перейти на главную страницу
2. Авторизоваться под учетной записью","Windows 10 Pro x64, Google Chrome  114.0.5735.91, разрешение экрана 1366х768,1024х768;",,"1. Открыть бургер меню на боковой панели                                                             2. Активировать выпадающий список у пункта ""Тестовая страница №7""           3.  Кликнуть по ""Тестовая страница №1""               ",Врезка в ассайде заезжает в футер,Врезка в ассайде должна быть в границах активного окна,,
79,Текст вылезает за границы окна на стр. 3,Незначительная,"1. Перейти на главную страницу
2. Авторизоваться под учетной записью","Windows 10 Pro x64, Google Chrome  114.0.5735.91, разрешение экрана 1024х768",,"1. Открыть бургер меню на боковой панели                                                             2. Выбрать  ""Тестовая страница №3""           ",Текст вылезает за границы окна ,Текст не должен вылезать за границы окна,,
80," Врезка ""Устав компании"" выезжает за границы окна, в аккордеоне ""Общее собрание акционеров "" на 7 стр.",Незначительная,"1. Перейти на главную страницу
2. Авторизоваться под учетной записью","Windows 10 Pro x64, Google Chrome  114.0.5735.91, разрешение экрана 1024х768",,"1. Открыть бургер меню на боковой панели                                               2. Выбрать пункт ""Тестовая страница №7""                                                    3. Раскрыть аккордеон ""Общее собрание акционеров """," Врезке ""Устав компании"" выезжает за границы окна"," Врезке ""Устав компании"" не должна выезжать за границы окна",,
81,"Врезка  «Положение об Общем собрании акционеров»  выезжает за границы окна , в аккордеоне ""Общее собрание акционеров "" на 7 стр.",Незначительная,"1. Перейти на главную страницу
2. Авторизоваться под учетной записью","Windows 10 Pro x64, Google Chrome  114.0.5735.91, разрешение экрана 1024х768",,"1. Открыть бургер меню на боковой панели                                               2. Выбрать пункт ""Тестовая страница №7""                                                    3. Раскрыть аккордеон ""Общее собрание акционеров ""","Врезка  ""Положение об Общем собрании акционеров"" выезжает за границы окна","Врезка  ""Положение об Общем собрании акционеров"" не должна выезжать за границы окна",,
82,"Врезка "" Личный кабинет акционера"" выезжает за границы окна , в аккордеоне ""Совет директоров"" на 7 стр.",Незначительная,"1. Перейти на главную страницу
2. Авторизоваться под учетной записью","Windows 10 Pro x64, Google Chrome  114.0.5735.91, разрешение экрана 1024х768",,"1. Открыть бургер меню на боковой панели                                               2. Выбрать пункт ""Тестовая страница №7""                                                    3. Раскрыть аккордеон ""Совет директоров ""","Врезка ""Личный кабинет акционера"" выезжает за границы окна","Врезка ""Личный кабинет акционера"" не должна выезжать за границы окна",,
83,"Врезка «Политика повышения квалификации членов Совета директоров"", в аккордеоне ""Состав совета директоров "", на 7 стр., выезжает за границы окна",Незначительная,"1. Перейти на главную страницу
2. Авторизоваться под учетной записью","Windows 10 Pro x64, Google Chrome  114.0.5735.91, разрешение экрана 1024х768",,"1. Открыть бургер меню на боковой панели                                               2. Выбрать пункт ""Тестовая страница №7""                                                    3. Раскрыть аккордеон ""Состав совета директоров""","Врезка  ""Политика повышения квалификации членов Совета директоров"" выезжает за границы окна","Врезка  ""Политика повышения квалификации членов Совета директоров"" не должна выезжать за границы окна",,
84,"Врезка ""Оценка деятельности Совета директоров"", в аккордеоне ""Состав совета директоров "", на 7 стр., выезжает за границы окна",Незначительная,"1. Перейти на главную страницу
2. Авторизоваться под учетной записью","Windows 10 Pro x64, Google Chrome  114.0.5735.91, разрешение экрана 1024х768",,"1. Открыть бургер меню на боковой панели                                               2. Выбрать пункт ""Тестовая страница №7""                                                    3. Раскрыть аккордеон ""Состав совета директоров""","Врезка ""Оценка деятельности Совета директоров""  выезжает за границы окна","Врезка ""Оценка деятельности Совета директоров"" не должна выезжать за границы окна",,
85,Текст цифрового выноса а в ассайде выезжает за границы окна на странице 7.4,Незначительная,"1. Перейти на главную страницу
2. Авторизоваться под учетной записью","Windows 10 Pro x64, Google Chrome  114.0.5735.91, разрешение экрана 1366х768, 1024х768;",,"1. Открыть бургер меню на боковой панели                                                             2. Активировать выпадающий список у пункта ""Тестовая страница №7""           3.  Кликнуть по ""Тестовая страница №4""                                                                      4. Перейти в раздел ""Состав правления""  ",Текст цифрового выноса а в ассайде выезжает за границы окна,Текст цифрового выноса а в ассайде  не должен выезжать за границы окна,,
86,Текст блока выезжает в ассайд на стр. 3,Незначительная,"1. Перейти на главную страницу
2. Авторизоваться под учетной записью","Windows 10 Pro x64, Google Chrome  114.0.5735.91, разрешение экрана 1366х768",,"1. Открыть бургер меню на боковой панели                                                             2. Активировать выпадающий список у пункта ""Тестовая страница №3""         ",Текст блока выезжает в ассайд,Текст блока не должен выезжать в ассайд,,
87,Текст блока выезжает за границы окна на стр 3,Незначительная,"1. Перейти на главную страницу
2. Авторизоваться под учетной записью","Windows 10 Pro x64, Google Chrome  114.0.5735.91, разрешение экрана 1024х768;",,"1. Открыть бургер меню на боковой панели                                                             2. Активировать выпадающий список у пункта ""Тестовая страница №3""         ",Текст блока выезжает за границы окна,Текст блока не должен выезжать за границы окна,,
88,"Размера модального окна 7 тултипа меньше по размеру при просмотре диаграммы ""Кворум общих собраний акционеров в 2017–2019 годах"" в отдельном в модальном окне на 4 стр.",Незначительная,"1. Перейти на главную страницу
2. Авторизоваться под учетной записью","Windows 10 Pro x64, Google Chrome  114.0.5735.91, разрешение экрана 1366х768","Ввиду нехватки места на экране окно 7 тултипа сжимается, вместо того, чтобы сместиться влево без изменения размера. Актуально только если диаграмма открыта в отдельном модальном окне.","1. Открыть бургер меню на боковой панели                                                             2. Активировать выпадающий список у пункта ""Тестовая страница №4""                                                  3. Нажать на кнопку зума под диаграммой ""Кворум общих собраний акционеров в 2017–2019 годах""",Размер модального окна 7 тултипа меньше по размеру,Ширина модальных окон всех тултипов должен быть одинаковым. При нехватке места на экране модальное окно должно открываться слева от элемента,,
89,"Размера модального окна 6 тултипа меньше по размеру при просмотре диаграммы ""Кворум общих собраний акционеров в 2017–2019 годах"" в отдельном в модальном окне на 4 стр.",Незначительная,"1. Перейти на главную страницу
2. Авторизоваться под учетной записью","Windows 10 Pro x64, Google Chrome  114.0.5735.91, разрешение экрана 1024х768;","Ввиду нехватки места на экране окно 6 тултипа сжимается, вместо того, чтобы сместиться влево без изменения размера. Актуально только если диаграмма открыта в отдельном модальном окне.","1. Открыть бургер меню на боковой панели                                                             2. Активировать выпадающий список у пункта ""Тестовая страница №4""                                                  3. Нажать на кнопку зума под диаграммой ""Кворум общих собраний акционеров в 2017–2019 годах""",Размер модального окна 6 тултипа меньше по размеру,Ширина модальных окон всех тултипов должен быть одинаковым. При нехватке места на экране модальное окно должно открываться слева от элемента,,
90,Неактивны разделы «Приложения» и «Политика Cookie» в футере,Значительная,"1. Перейти на главную страницу
2. Авторизоваться под учетной записью","Windows 10 Pro x64, Google Chrome  114.0.5735.91, разрешение экрана 1920х1080,1366х768, 1024х768;",,1. Перейти в футер сайта,Неактивны разделы «Приложения» и «Политика Cookie»,Разделы «Приложения» и «Политика Cookie» должны быть активны и открывать соответствующие страницы,,